{
  "koefisien_jarak": {
    "mean": 1.3509288288288284,
    "std": 0.7965005308892127,
    "min": 0.1149,
    "max": 2.7646
  },
  "koefisien_lebar_jalan": {
    "mean": 1.7518234234234231,
    "std": 0.8484605716402934,
    "min": 0.3147,
    "max": 3.1584
  }
}